{"Tentative": [60, 0.015168783333333333], "Analytical": [26, 0.03464011538461538], "Sadness": [37, 0.016538432432432432], "Joy": [31, 0.016309645161290322], "Anger": [11, 0.053528727272727276], "Confident": [23, 0.6939920869565218], "Fear": [3, 0.5702523333333334]}